record_id,source_file,source_row,organization_name_original,unresolved_q_identifier,input_website,final_website,canonical_website,normalized_domain,original_status,career_url,link_text,score,ats_provider_detected,evidence,candidate_count,initial_classification,classification_reason,retry_category,recommended_next_action,processing_queue,error,organization_name_resolved,ottawa_relationship,ottawa_evidence,validation_status,validation_notes,last_processed,checked_at_utc,requested_url,loaded_url,http_status,page_title,detected_ats,jsonld_jobposting_count,probable_job_link_count,sample_job_links,validation_result,validation_reason,body_text_sample,crawl_error,stage2_checked_at_utc,stage2_result,stage2_reason,resolved_monitor_url,resolved_ats,stage2_jsonld_jobposting_count,stage2_probable_job_link_count,stage2_sample_job_links,candidate_urls_found,candidate_visits_json,stage2_error
10,found.csv,11,9Round,no,https://9round.com/,https://www.9round.com/,https://www.9round.com/,9round.com,FOUND,https://www.9round.com/careers,Careers,140,,strong careers/jobs link text; careers/jobs URL path,1,likely_employer_career_page,Career-related link text or URL path,,validate_page_and_extract_jobs,career_validation,,,,,unreviewed,,2026-07-17,2026-07-17T21:21:43.062539+00:00,https://www.9round.com/careers,https://www.9round.com/careers,200,9Round US - 9Round Kickboxing - Careers and Fitness Instructor Jobs,,0,0,,probable_career_page_needs_review,"Career language detected, but job state is unclear","Press Option+1 for screen-reader mode, Option+0 to cancel
Accessibility Screen-Reader Guide, Feedback, and Issue Reporting | New window
TRY 9ROUND
The Workout
Locations
On Demand
Own A Studio
Shop

CAREERS

JOIN THE
9ROUND
TEAM
LEAD THE WAY

Want to help people show up stronger every day? Join a high-energy team that empowers members to live better lives through kickboxing fitness, nutrition and community.

OUR CULTURE

As a family owned and operated business, we believe that people should feel fulfilled when they’re at work. We want our team members to find a sense of belonging when they join 9Round. Our franchise model gives potential employees the opportunity to find a studio they can thrive in, and our business model gives people the satisfaction of knowing they’re helping people transform their lives and grow healthier every day.

OUR MISSION

From the CEO to the instructors in our boutique fitness studios, we're all about making members stronger physically and mentally, so they can show up every day ready to fight.

ABOUT 9ROUND

9Round has been delivering fast, effective kickboxing workouts for more than 10 years. Founded in 2008 by husband and wife, Shannon and Heather Hudson, in Greenville, South Carolina, the circuit training format provides a killer workout in just 30 minutes. With more than 600 locations in 17 countries across the globe, 9Round continues to gain popularity as people search for a workout that they don't have to schedule their lives around. With no",,2026-07-18T14:42:55.172454+00:00,confirmed_career_page_active,Career language and job links detected,https://app.careerplug.com/jobs?aggregator_id=180022&embed=1,,0,30,https://app.careerplug.com/jobs/2276918?embed=1 | https://app.careerplug.com/jobs/3081837?embed=1 | https://app.careerplug.com/jobs/3473254?embed=1 | https://app.careerplug.com/jobs/1974196?embed=1 | https://app.careerplug.com/jobs/1196418?embed=1,70:https://app.careerplug.com/jobs?aggregator_id=180022&embed=1 | 60:https://www.9round.com/careers,"[{""url"": ""https://app.careerplug.com/jobs?aggregator_id=180022&embed=1"", ""result"": ""confirmed_career_page_active"", ""ats"": """", ""score"": 70}]",
3,found.csv,4,1-800-GOT-JUNK?,no,https://1800gotjunk.com/,https://1800gotjunk.com/us_en,https://1800gotjunk.com/us_en,1800gotjunk.com,FOUND,https://jobs.1800gotjunk.com/us_en,Careers,80,,strong careers/jobs link text,1,likely_employer_career_page,Career-related link text or URL path,,validate_page_and_extract_jobs,career_validation,,,,,unreviewed,,2026-07-17,2026-07-17T21:21:23.238231+00:00,https://jobs.1800gotjunk.com/us_en,https://jobs.1800gotjunk.com/us_en,200,1-800-GOT-JUNK? Jobs,,0,0,,probable_career_page_needs_review,"Career language detected, but job state is unclear","Image
WHAT WE DO
WHAT WE TAKE
PRICING
START A FRANCHISE
MORE
 
WE HIRE HAPPY PEOPLE.
START YOUR CAREER
WHY WORK HERE
IT'S ALL ABOUT PEOPLE
FIND A JOB
Our Franchise Partners provide exceptional opportunities for happy, ambitious people who want to grow, excel and own their success.

From day one at 1-800-GOT-JUNK?, you’ll learn what it takes to grow a successful business, have fun and be given opportunities to drive your career.

Image
WHY WORK HERE
Image
IT'S ALL ABOUT PEOPLE
Image
FIND A JOB
We asked Truck Team Members to share their story of why they consider this the best job they've ever had. Start your own story by applying today.
FIND JOBS ON INDEED
We’re a franchise system, and we also have roles available at our head office that support all our franchises and other brands.

We’ve been recognized as one of ‘Canada's 10 Most Admired Corporate Cultures’, a ‘Top 50 Small & Medium Employer’ and a ‘Most Engaged Workplace’. Our ‘Junktion’ offices in Vancouver and Toronto offer exciting roles where you can grow and make a big impact. Visit our site to see why people love working with us at 1-800-GOT-JUNK? and our umbrella company O2E Brands.

VIEW HEAD OFFICE JOBS

Check Availability

 
 GO
No Credit Card Required 24/7 Customer Service At 1-866-924-2479
United States  
Services
Pricing
FAQ
Book an Appointment
What We Do
What We Take
Business Services
No Contact Junk Removal
About Us
Company
Reviews
Locations
Environment
Blog
Careers
Contact
Start a Franchise
Affiliate Program",,2026-07-18T14:42:55.742980+00:00,confirmed_career_page_active,Career language and job links detected,https://www.o2ebrands.com/jobs,,0,1,https://recruiting.ultipro.ca/OEB5000OEBI/JobBoard/9eca249f-c54e-407e-b0ac-e9b01432f1d9/,160:https://www.indeed.com/cmp/1--800--got--junk%3F/jobs | 70:https://www.o2ebrands.com/jobs | 60:https://jobs.1800gotjunk.com/au_en,"[{""url"": ""https://www.indeed.com/cmp/1--800--got--junk%3F/jobs"", ""result"": ""confirmed_career_landing_unresolved"", ""ats"": """", ""score"": 160}, {""url"": ""https://www.o2ebrands.com/jobs"", ""result"": ""confirmed_career_page_active"", ""ats"": """", ""score"": 70}]",
16,found.csv,17,5N Plus Inc.,no,https://5nplus.com/,https://www.5nplus.com/en/,https://www.5nplus.com/en/,5nplus.com,FOUND,https://www.5nplus.com/en/career/,Careers,140,,strong careers/jobs link text; careers/jobs URL path,1,likely_employer_career_page,Career-related link text or URL path,,validate_page_and_extract_jobs,career_validation,,,,,unreviewed,,2026-07-17,2026-07-17T21:22:00.826135+00:00,https://www.5nplus.com/en/career/,https://www.5nplus.com/en/career/,200,Career | 5N Plus,,0,0,,probable_career_page_needs_review,"Career language detected, but job state is unclear","Careers
Contact us
Français
Deutsch
About Us
Markets
Products
Innovation
Sustainability
Investors
News
DEUTSCH
Home 
Career
Careers
Join our team!

At 5N Plus we are building a culture of innovation, collaboration and growth. We are looking for passionate individuals ready to make an impact. Explore our open positions and submit your application today.

OUR JOB POSTINGS
Why Work at 5N Plus?

At 5N Plus, our mission is to be critical to our customers, valued by our employees and trusted by our shareholders. Find out more about how this translates in our day-to-day work and corporate culture

Our
Culture
Career Development

To ensure we have the talented resources we need to realise our vision, we provide stimulating career opportunities, training, continuous learning through projects and assignments to our people to develop and prepare for their next challenge.

A Preferred Employer, Driving Innovation

Success starts with the right talent and we are fortunate to have some of the best resources in our industry to generate innovative ideas for our customers. This, combined with a high level of employee engagement, enables us to efficiently deliver high quality products to our clients and prepare for future business opportunities.

Respect in Meeting Employee Needs

We respect the cultural, historical and regional differences at all our global locations and we ask our people what they want and need through employee surveys, focus groups and informal meetings. We ask what we are",,2026-07-18T14:43:08.730543+00:00,confirmed_career_landing_unresolved,Valid career landing page; downstream job source not resolved,https://www.5nplus.com/en/career/,,0,0,,115:https://www.5nplus.com/en/career/ | 60:https://www.5nplus.com/en/career/jobs-list/,"[{""url"": ""https://www.5nplus.com/en/career/jobs-list/"", ""result"": ""confirmed_career_landing_unresolved"", ""ats"": """", ""score"": 60}]",
13,found.csv,14,613 Electric Inc,no,https://613electric.com/,https://613electric.com/,https://613electric.com/,613electric.com,FOUND,https://613electric.com/join-our-team-3/,JOIN OUR TEAM,80,,strong careers/jobs link text,1,likely_employer_career_page,Career-related link text or URL path,,validate_page_and_extract_jobs,career_validation,,,,,unreviewed,,2026-07-17,2026-07-17T21:21:54.961317+00:00,https://613electric.com/join-our-team-3/,https://613electric.com/join-our-team-3/,200,JOIN OUR TEAM – 613 Electric Inc.,,0,0,,probable_career_page_needs_review,"Career language detected, but job state is unclear","613-870-3550
 613-870-3551
 24 / 7
 admin@613electric.com
	
ABOUT US
OUR SERVICES
CONTACT US
JOIN OUR TEAM
REQUEST A QUOTE
JOIN OUR TEAM
	
You Are Here:
HOME
/
JOIN OUR TEAM

At 613 Electric, we believe great companies are built by great people – and we’re always looking for skilled, motivated individuals to grow with us. Whether you’re an experienced electrician or just starting your career in the trade, you’ll find a supportive environment, opportunities to learn, and team that values quality workmanship and professionalism.

We take pride in our work, our clients, and the people who represent our company every day. If you’re passionate about the electrical field and driven to deliver top-quality results, we’d love to hear from you.

Fill out the form below to get started.

© Copyright 2019 - 613 Electric Inc",,2026-07-18T14:43:10.030807+00:00,confirmed_career_landing_unresolved,Valid career landing page; downstream job source not resolved,https://613electric.com/join-our-team-3/,,0,0,,65:https://form.jotform.com/253295136537260?parentURL=https%3A%2F%2F613electric.com%2Fjoin-our-team-3%2F&jsForm=true,"[{""url"": ""https://form.jotform.com/253295136537260?parentURL=https%3A%2F%2F613electric.com%2Fjoin-our-team-3%2F&jsForm=true"", ""result"": ""confirmed_career_landing_unresolved"", ""ats"": """", ""score"": 65}]",
20,found.csv,21,ABCO Industries Lunenburg Shipyard,no,https://abco.ca/,https://abco.ca/,https://abco.ca/,abco.ca,FOUND,https://abco.ca/careers/,Careers,140,,strong careers/jobs link text; careers/jobs URL path,1,likely_employer_career_page,Career-related link text or URL path,,validate_page_and_extract_jobs,career_validation,,,,,unreviewed,,2026-07-17,2026-07-17T21:22:06.566630+00:00,https://abco.ca/careers/,https://abco.ca/careers/,200,Careers - ABCO,,0,0,,probable_career_page_needs_review,"Career language detected, but job state is unclear","Skip to content
Home
Industries
About ABCO
Resources
Careers
Contact
Discuss Your Project
HOME / CAREERS
JOIN OUR TEAM

Build your career working on real engineering challenges — where precision, accountability, and performance matter.

Why Work At ABCO
A CULTURE OF EXCELLENCE


We work on projects that require precision, accountability, and real problem-solving.

Whether in engineering, fabrication, or operations, every role contributes directly to building solutions that perform in demanding environments.

At ABCO, you’re not just part of a team — you’re part of delivering work that matters.

“Having the right attitude is very important. If you have the right attitude, we’re willing to train and promote you. We’ll provide what you need to do your job properly. ”

— GRAHAM GERHARDT – PRESIDENT, ABCO

Open Positions
CURRENT OPPORTUNITIES
FABRICATOR/WELDER
FULL-TIME // LUNENBURG, NS
NAVAL ARCHITECT
FULL-TIME // LUNENBURG, NS
MACHINIST
FULL-TIME // LUNENBURG, NS
MARINE ELECTRICIAN
FULL-TIME // LUNENBURG, NS
LABOURER
FULL-TIME // LUNENBURG, NS

81 TANNERY ROAD LUNENBURG, NOVA SCOTIA, CANADA B0J 2C0

(866) 634-8821

INFO@ABCO.CA

WHAT WE DO
Aluminum Vessels
Industrial Systems
Environmental
COMPANY
About ABCO
Why ABCO
Careers – Open Positions
GET IN TOUCH

Don’t miss the latest news

Receive ABCO News

© 2026 ABCO Industries. All rights reserved.

Privacy Policy | Terms of Service",,2026-07-18T14:43:13.703437+00:00,confirmed_career_landing_unresolved,Valid career landing page; downstream job source not resolved,https://abco.ca/careers/,,0,0,,60:https://abco.ca/careers/#main,[],
18,found.csv,19,AB Sciex,no,https://sciex.com/,https://sciex.com/,https://sciex.com/,sciex.com,FOUND,https://jobs.danaher.com/global/en/sciex,Careers opportunities,80,,strong careers/jobs link text,1,likely_employer_career_page,Career-related link text or URL path,,validate_page_and_extract_jobs,career_validation,,,,,unreviewed,,2026-07-17,2026-07-17T21:22:08.830764+00:00,https://jobs.danaher.com/global/en/sciex,https://jobs.danaher.com/global/en/sciex,200,SCIEX Careers,,0,0,,probable_career_page_needs_review,"Career language detected, but job state is unclear","Skip to main content
Skip to main content
About Danaher Our Businesses Candidate Resources Our StoriesStudents Search Jobs
-
-
A Danaher Life Sciences company
 
Careers
at SCIEX
A leader in mass spectrometry and capillary electrophoresis solutions, SCIEX is there, where it counts. Time and time again. Providing the precision detection and quantitation of molecules needed for scientists to make discoveries that change the world. Whether your career focus lies in sales, engineering, marketing or science, there's a place for you here. As part of the SCIEX team, you’ll accelerate your professional and personal development to amplify both your career and your impact on the world. 
Search SCIEX jobs
Search job title or location
	Search
Engineering jobs →  
Sales jobs →
Technical service and support jobs →
Life at SCIEX
	
Innovation
 
SCIEX empowers our customers to solve the most impactful analytical challenges in quantitation and characterization through ground-breaking innovation and outstanding reliability and support.​ SCIEX has been at the forefront of the field for over 50 years. ​



Learn more → 
Impact
 
Since the launch of the first-ever commercially successful triple quadrupole in 1981, we continue to develop technologies and solutions that influence life-changing research and outcomes. That’s why thousands of life science experts around the world choose SCIEX to get the answers they can trust.​
Learn more → 
People
 
SCIEX associates are passionate about innovation in a",,2026-07-18T14:43:25.027325+00:00,confirmed_external_ats_active,workday with job records or job links,https://jobs.danaher.com/global/en/sciex,workday,0,1,https://jobs.danaher.com/global/en/notice-to-us-candidates-based-in/applying-for-roles-outside-nyc,150:https://jobs.danaher.com/global/en/search-results | 140:https://danaher.wd1.myworkdayjobs.com/DanaherJob | 115:https://jobs.danaher.com/global/en/danaher-corporate-careers,"[{""url"": ""https://jobs.danaher.com/global/en/search-results"", ""result"": ""confirmed_external_ats_active"", ""ats"": ""workday"", ""score"": 150}]",
21,found.csv,22,"Abbotsford Parks, Recreation & Culture",no,https://abbotsford.ca/,https://www.abbotsford.ca/,https://www.abbotsford.ca/,abbotsford.ca,FOUND,https://www.abbotsford.ca/city-hall/human-resources/career-opportunities,Career Opportunities,140,,strong careers/jobs link text; careers/jobs URL path,4,likely_employer_career_page,Career-related link text or URL path,,validate_page_and_extract_jobs,career_validation,,,,,unreviewed,,2026-07-17,2026-07-17T21:22:16.281428+00:00,https://www.abbotsford.ca/city-hall/human-resources/career-opportunities,https://www.abbotsford.ca/city-hall/human-resources/career-opportunities,200,Career Opportunities | City of Abbotsford,,0,0,,probable_career_page_needs_review,"Career language detected, but job state is unclear","Skip to main content
slide 1 of 1
May 1, 2026 - 8:00am
Stage 1 Water Restrictions now in effect.
Alert Level: Low
Abbotsford and Mission’s water restrictions follow four stages, which are tied to the level of Dickson Lake. Dickson Lake is the main source of drinking water for both communities. Conserving water keeps the water level in Dickson… Read More
MyCity Online
Let's Talk
Accessibility
Select Language
English
العربية
Български
简体中文
繁體中文
Hrvatski
Čeština‎
Dansk
Nederlands
Suomi
Français
Deutsch
Ελληνικά
हिन्दी
Italiano
日本語
한국어
Norsk bokmål
Polski
Português
Română
Русский
Español
Svenska
Català
Filipino
עִבְרִית
Bahasa Indonesia
Latviešu valoda
Lietuvių kalba
Српски језик
Slovenčina
Slovenščina
Українська
Tiếng Việt
Shqip
Eesti
Galego
Magyar
Maltese
ไทย
Türkçe
فارسی
Afrikaans
Bahasa Melayu
Kiswahili
Gaeilge
Cymraeg
Беларуская мова
Íslenska
Македонски јазик
יידיש
Հայերեն
Azərbaycan dili
Euskara
ქართული
Kreyol ayisyen
اردو
বাংলা
Bosanski
Cebuano
Esperanto
ગુજરાતી
Harshen Hausa
Hmong
Igbo
Basa Jawa
ಕನ್ನಡ
ភាសាខ្មែរ
ພາສາລາວ
Latin
Te Reo Māori
मराठी
Монгол
नेपाली
ਪੰਜਾਬੀ
Afsoomaali
தமிழ்
తెలుగు
Yorùbá
Zulu
Search
Menu
Close
Section navigation
City Hall
City Hall
Human Resources
Career Opportunities
Student Opportunities
Lifeguard Opportunities
Firefighter Opportunities
Benefits & Training
Diversity & Inclusion
Image
Did you know?

The City of Abbotsford has a mobile friendly job application system (powered by Njoyn) to make the application process easier from start to finish!

L",,2026-07-18T14:43:29.859177+00:00,confirmed_career_page_active,Career language and job links detected,https://www.abbotsford.ca/city-hall/human-resources/career-opportunities,,0,3,https://www.abbotsford.ca/permits | https://www.abbotsford.ca/business-development/development-engineering | https://www.abbotsford.ca/social-directory,70:https://www.abbypd.ca/careers | 60:https://www.abbotsford.ca/city-hall/human-resources/career-opportunities#main-content,"[{""url"": ""https://www.abbypd.ca/careers"", ""result"": ""confirmed_career_page_active"", ""ats"": """", ""score"": 70}]",
22,found.csv,23,AbCellera,no,https://abcellera.com/,https://www.abcellera.com/,https://www.abcellera.com/,abcellera.com,FOUND,https://www.abcellera.com/careers,Careers,140,,strong careers/jobs link text; careers/jobs URL path,3,likely_employer_career_page,Career-related link text or URL path,,validate_page_and_extract_jobs,career_validation,,,,,unreviewed,,2026-07-17,2026-07-17T21:22:21.515244+00:00,https://www.abcellera.com/careers,https://www.abcellera.com/careers?location=vancouver,200,Careers at AbCellera,,0,0,,probable_career_page_needs_review,"Career language detected, but job state is unclear","We Value Your Privacy

We use cookies to help you navigate efficiently, deliver certain features, and to collect information with the goal of improving user experience. For details and to adjust your preferences please select “Customize”. By clicking ""Accept All"", you consent to our use of cookies. View our Privacy Policy

Customise
Reject All
Accept All
Skip to Main Content
About
Pipeline
Platform
Investors
Careers
Careers at AbCellera
Stretch and explore through work that matters.
Who We Are

We’re scientists, engineers, and business professionals who work together to turn scientific insights into breakthrough medicines.

We Value

We pursue truth and scientific rigor. We think independently, act with conviction, and have the courage to work at the edge of the unknown.

We Offer

The opportunity to stretch and explore, and to work on things that matter.

Team focus areas.
Biology
Business Operations
Clinical Manufacturing
Data Science, ML, IT & Engineering
Partnering
Pre-clinical & Clinical Development
Process Development
Protein Science
Quality
Students

We focus on driving the immune response to find rare, diverse, and potent antibodies from any species against even the most difficult disease targets. This includes clever immunization strategies using various immunogen formats including nucleic acids and membrane proteins, development of assays using mammalian cell lines and primary cells, development of media conditions and cell enrichment strategies, and design of compl",,2026-07-18T14:43:36.100551+00:00,confirmed_career_page_active,Career language and job links detected,https://www.abcellera.com/careers?location=vancouver,,0,21,https://www.abcellera.com/current-openings | https://www.abcellera.com/about?focus=Data+Science%2C+ML%2C+IT+%26+Engineering | https://www.abcellera.com/current-openings?gh_jid=7567773003 | https://www.abcellera.com/current-openings?gh_jid=7679651003 | https://www.abcellera.com/current-openings?gh_jid=7719026003,115:https://www.abcellera.com/careers | 90:https://www.abcellera.com/current-openings | 60:https://www.abcellera.com/careers?location=vancouver,"[{""url"": ""https://www.abcellera.com/careers?location=vancouver"", ""result"": ""confirmed_career_page_active"", ""ats"": """", ""score"": 115}]",
27,found.csv,28,Abbott Canada,no,https://abbott.ca/,https://www.ca.abbott/en/homepage.html,https://www.ca.abbott/en/homepage.html,ca.abbott,FOUND,https://www.ca.abbott/en/careers.html,CAREERS CAREERS,80,,strong careers/jobs link text,6,likely_employer_career_page,Career-related link text or URL path,,validate_page_and_extract_jobs,career_validation,,,,,unreviewed,,2026-07-17,2026-07-17T21:22:32.185319+00:00,https://www.ca.abbott/en/careers.html,https://www.ca.abbott/en/careers.html,200,Abbott Jobs in Canada / Careers in Canada,,0,0,,probable_career_page_needs_review,"Career language detected, but job state is unclear","CAREERS
MEDIA
(FRANÇAIS)
PRODUCTS
ABOUT US
HOME
CAREERS
Previous

CAREERS

BUILD BETTER, HEALTHIER LIVES, EVERY DAY WITH ABBOTT.

SEARCH JOBS

ABBOTT PROUD TO BE
RANKED AS A MONTRÉAL
TOP EMPLOYER
LEARN MORE

CAREERS

BUILD BETTER, HEALTHIER LIVES, EVERY DAY WITH ABBOTT.

SEARCH JOBS

ABBOTT PROUD TO BE
RANKED AS A MONTRÉAL
TOP EMPLOYER
LEARN MORE

CAREERS

BUILD BETTER, HEALTHIER LIVES, EVERY DAY WITH ABBOTT.

SEARCH JOBS
Next
1
2
DISCOVER CAREERS
WORKING WITH US

Discover unparalleled opportunities at Abbott.

 

 

PROFESSIONALS

Learn how you can make a positive impact in the world.

 

 

STUDENTS

Help others while you gain experience across our global healthcare businesses.

 

 

WORKING AT ABBOTT

Join our global team helping people live fuller, healthier lives. Every day we strive to reach more people in more places with innovative health technologies. Our goal is to reach 3 billion people each year by 2030. At Abbott you can be part of this, doing work that matters while living your own best life personally and professionally.

 

 

PRODUCTS
ABOUT US
RESPONSIBILITY
PARTNERS
CAREERS
MEDIA
SITE MAP
CONTACTS
GLOBAL WEBSITES
PRIVACY POLICY
TERMS & CONDITIONS
ACCESSIBILITY

© 2026 Abbott. All Rights Reserved. Please read the Legal Notice for further details.

Unless otherwise specified, all product and service names appearing in this Internet site are trademarks owned by or licensed to Abbott, its subsidiaries or affiliates. No use of any Abbott trademark, trade name, o",,2026-07-18T14:43:42.432216+00:00,confirmed_external_ats_active,workday with job records or job links,https://www.jobs.abbott/us/en/search-results?qcountry=Canada,workday,0,10,https://www.jobs.abbott/us/en/job/31140255/ED-Clinical-Specialist-Point-of-Care-Remote-Ontario-GTA-preferred | https://www.jobs.abbott/us/en/job/31151061/Chef-fe-Gestion-de-la-relation-client-et-fid%C3%A9lisation-Nutrition-Montr%C3%A9al | https://www.jobs.abbott/us/en/job/31154914/Analyste-OEC-Montr%C3%A9al | https://www.jobs.abbott/us/en/job/31156489/Sp%C3%A9cialiste-Acquisition-de-talents-Montr%C3%A9al | https://www.jobs.abbott/us/en/job/31147416/Sp%C3%A9cialiste-Marketing-Nutrition-Montr%C3%A9al,115:https://www.ca.abbott/en/careers.html | 100:https://www.jobs.abbott/us/en/search-results?qcountry=Canada | 60:https://www.ca.abbott/en/careers/diversity-and-inclusion.html,"[{""url"": ""https://www.jobs.abbott/us/en/search-results?qcountry=Canada"", ""result"": ""confirmed_external_ats_active"", ""ats"": ""workday"", ""score"": 100}]",
36,found.csv,37,Acceleware,no,https://acceleware.com/,https://www.acceleware.com/,https://www.acceleware.com/,acceleware.com,FOUND,https://www.acceleware.com/careers,Careers,140,,strong careers/jobs link text; careers/jobs URL path,2,likely_employer_career_page,Career-related link text or URL path,,validate_page_and_extract_jobs,career_validation,,,,,unreviewed,,2026-07-17,2026-07-17T21:22:44.776407+00:00,https://www.acceleware.com/careers,https://www.acceleware.com/careers,200,Careers | Acceleware,,0,0,,probable_career_page_needs_review,"Career language detected, but job state is unclear","Our Company
Technology
Applications
Investors
News & Publications
Videos
Careers
If you are interested in working with Acceleware to help create a clean energy future on a global scale, please look through current job opportunities posted below. If we don’t have any current openings, we would still love to hear from you!

Please email your resume and cover letter to: info@acceleware.com

EMPower Your Heat 

403.249.9099

info@acceleware.com

Suite 102 – 1822 2nd Street SW Calgary, Alberta

T2S 1R9

Privacy 

Legal

Stay informed,  join our mailing list

Enter your email here
Submit

© 2026 Acceleware Ltd. All Rights Reserved.

We use cookies on our website to see how you interact with it. By accepting, you agree to our use of such cookies.Privacy Policy
Settings
Accept",,2026-07-18T14:43:49.883546+00:00,confirmed_career_landing_unresolved,Valid career landing page; downstream job source not resolved,https://www.acceleware.com/careers,,0,0,,115:https://www.acceleware.com/careers,[],
29,found.csv,30,28th Nepean Girl Guide Garden,no,https://justfood.ca/,https://justfood.ca/,https://justfood.ca/,justfood.ca,FOUND,https://justfood.ca/get-involved/jobs-and-internships/,Jobs and Internships,80,,strong careers/jobs link text,3,likely_employer_career_page,Career-related link text or URL path,,validate_page_and_extract_jobs,career_validation,,,,,unreviewed,,2026-07-17,2026-07-17T21:22:35.263825+00:00,https://justfood.ca/get-involved/jobs-and-internships/,https://justfood.ca/get-involved/jobs-and-internships/,200,Jobs and Internships - Just Food,,0,0,,probable_career_page_needs_review,"Career language detected, but job state is unclear","Skip to content
About Us
Our Projects
Resources
Media
Get Involved
Contact
English
Jobs and Internships
Sign up for our Newsletter
Volunteer Opportunities
Jobs and Internships
Food/Farm Work in the Ottawa Region
Click here for our current job opportunities!

Other Food Work In the Ottawa Region

We have partnered with Foodwork.ca to provide a list of all food related job postings in the Ottawa region from their website.

View up to date Local food Jobs in Ottawa

Search
DONATE
Newsbites
The Hands That Feed Us Public Screening & Discussion
June 3, 2026
Save the Date: SeedLing Saturday 2026 is coming May 9th!
February 6, 2026
Genetically Engineered (GE) Seeds – The Purple Tomato and what you need to know
January 26, 2026
Community Gardening on City-land: Applications now open
January 7, 2026
New Emergency Food Security Fund direction Passes at City Council
December 10, 2025
Start-up Farm Program

Just Food established the Start-Up Farm Program to support new farmers in the Ottawa region. By offering access to land, shared infrastructure/equipment, and training, the program aims to enable more people in this region to start their own successful farm business.

> Read More about Just Food’s Start-up Farm program

613-824-7771
info@justfood.ca
2389 Pépin Court, Ottawa K1B 4Z3
Donate
OUR PROJECTS
Just Food Farm
Start-up Farm Program
Buy Local Food Guide
Community Gardening Network
Ottawa Farm School
ABOUT US
Mission, Vision, and Mandate
Who We Are
Our Background
Our Partners
Contac",,2026-07-18T14:43:51.138043+00:00,confirmed_career_page_active,Career language and job links detected,https://justfood.ca/get-involved/jobs-and-internships/,,0,1,https://justfood.ca/2026/01/26/genetically-engineered-ge-seeds-the-purple-tomato-and-what-you-need-to-know/,90:https://justfood.ca/2024/05/01/were-hiring/ | 60:https://justfood.ca/get-involved/jobs-and-internships/#content | 60:https://justfood.ca/get-involved/jobs-and-internships/start-up-farm-program/about-the-farms/,"[{""url"": ""https://justfood.ca/2024/05/01/were-hiring/"", ""result"": ""confirmed_career_page_active"", ""ats"": """", ""score"": 90}]",
38,found.csv,39,Acadian Seaplants (Canada),no,https://acadianseaplants.com/,https://www.acadianseaplants.com/,https://www.acadianseaplants.com/,acadianseaplants.com,FOUND,https://www.acadianseaplants.com/careers/,Careers,140,,strong careers/jobs link text; careers/jobs URL path,1,likely_employer_career_page,Career-related link text or URL path,,validate_page_and_extract_jobs,career_validation,,,,,unreviewed,,2026-07-17,2026-07-17T21:22:52.062570+00:00,https://www.acadianseaplants.com/careers/,https://www.acadianseaplants.com/careers/,200,Acadian Seaplants Careers,,0,0,,probable_career_page_needs_review,"Career language detected, but job state is unclear","Skip to main content
Home
About Us
Science & Sustainability
Our Solutions
News & Blog
Contact Us

1 (800) 575-9100

EN
 FR
Careers
Play your part in a sustainable tomorrow.

Are you ready to use your passion to change the world? At Acadian Seaplants you’ll find you can make a difference in the health and wellbeing of plants, animals and people all over the planet. Here is what sets our global food chain company apart – and why you’ll love working at Acadian Seaplants.

See our latest jobs!

Visit LinkedIn

Global presence

 

There’s global significance in the work we do. With operations in 14 countries (and counting) and products that reach over 80, Acadian Seaplants makes a meaningful impact everywhere we go. By working with us, you can make a positive mark on the global sustainability of farmers, animal producers and people everywhere.

Innovation

 

Our people are pioneers. We push the boundaries of scientific understanding. We explore real-world applications for the latest breakthroughs. And we establish practices that set the bar for corporate sustainability and conservation. Whether you’re making discoveries in our R&D labs or spearheading new manufacturing practices to make us more sustainable or efficient, you’ll be part of a team that’s building a better future.

Eco-consciousness

 

We believe conservation and commerce can coexist. Across our organization, people take action to protect the environment, safeguard sustainability and embrace ecological practices in",,2026-07-18T14:43:56.413430+00:00,confirmed_career_page_active,Career language and job links detected,https://www.acadianseaplants.com/careers/,,0,1,https://www.acadianseaplants.com/engineering-seaweed-processing-technology/,60:https://www.acadianseaplants.com/careers/#content-wrap,[],
43,found.csv,44,Accountor CPA,no,https://accountor.ca/,https://accountor.ca/,https://accountor.ca/,accountor.ca,FOUND,https://accountor.ca/careers.html,Careers,80,,strong careers/jobs link text,1,likely_employer_career_page,Career-related link text or URL path,,validate_page_and_extract_jobs,career_validation,,,,,unreviewed,,2026-07-17,2026-07-17T21:23:10.026133+00:00,https://accountor.ca/careers.html,https://accountor.ca/careers.html,200,Careers,,0,0,,probable_career_page_needs_review,"Career language detected, but job state is unclear","we are always near to you
 
request a callback
 
ask a question
toll free:  +1-800-801-9931
 
office:  +1-416-646-2580
Services
Industries
Accountor CPA Team
Pricing
About Us
 CONTACT US
accountorCPA

CANADA

INSPIRED TO DELIVER EXCELLENCE TOGETHER
Accountor CPA: Careers

At Accountor CPA, we empower professionals to build meaningful careers in accounting, taxation, and advisory services. Whether you're an experienced specialist or just starting your journey toward a CPA designation, you'll find opportunities to learn, lead, and make an impact every day.

REGISTERED CPA FIRM – VERIFY HERE
Application Form
Step 1: Upload Your Documents

Attach your resume, transcript, and any supporting files that highlight your skills and experience.

Resume (PDF/DOCX) *
Unofficial Transcript *
Cover Letter
Other Supporting Documents
Step 2: Provide Your Personal Information

Tell us who you are and how we can reach you — this helps us stay connected throughout the hiring process.

First Name *
City *
Last Name *
Province *
Email Address *
LinkedIn Profile
Phone Number *
Step 3: Share Your Education Details

Provide your school, program, degree, and academic background so we can understand your qualifications.

University / College *
Program / Major *
Degree Type *
Select
Bachelor’s
Master’s
Diploma
Other
GPA
Expected Graduation Year
Have you completed a personal and/or corporate tax course? *
Select
Yes
No
If yes, what was the course name?
What was your final grade?
Step 4: Describe Your Car",,2026-07-18T14:44:04.858708+00:00,confirmed_career_page_active,Career language and job links detected,https://accountor.ca/careers.html,,0,3,https://accountor.ca/industries/professional-scientific-and-technical-services-industry/accounting-and-bookkeeping-services-for-engineering-firms.html | https://www.cpaontario.ca/protecting-the-public/directories/firm?searchFilter=%7B%22name%22%3A%22accountor+cpa%22%7D | https://accountor.ca/industries/professional-scientific-and-technical-services-industry/accounting-and-bookkeeping-services-for-designers.html,115:https://accountor.ca/careers.html,[],
41,found.csv,42,Accessible Media,no,https://ami.ca/,https://www.ami.ca/,https://www.ami.ca/,ami.ca,FOUND,https://www.ami.ca/why-choose-ami,Careers & Opportunities Careers & Opportunities,80,,strong careers/jobs link text,1,likely_employer_career_page,Career-related link text or URL path,,validate_page_and_extract_jobs,career_validation,,,,,unreviewed,,2026-07-17,2026-07-17T21:23:06.873666+00:00,https://www.ami.ca/why-choose-ami,https://www.ami.ca/why-choose-ami,200,Why Choose AMI? | Accessible Media Inc.,,0,0,,probable_career_page_needs_review,"Career language detected, but job state is unclear","Skip to main content
English
 | 
Français
Primary navigation
Home
Our shows
Find Us
Schedule and News
Contact Us
Search
Accessibility Preferences
Why Choose AMI?

AMI focuses on attracting, developing, and retaining our talent, in addition to creating an engaged and inclusive culture. Our employees are located across Canada, providing a unique and region-specific perspective to AMI’s content. Through AMI’s competitive compensation packages, commitment to diversity and inclusion, and engagement initiatives, we reinforce our commitment to work-life balance for all of our employees.

In addition to full or part-time employment openings, we offer paid internships, apprenticeships, and work placements for persons with disabilities throughout the year.

Work Culture & Environment
Office space features accessible design
Safe and healthy workplace
Diverse and inclusive environment
Committed to our core values: Authenticity, Empowerment, Inclusion, Innovation, Passion, Stewardship, Sustainability
Work-life balance
Community involvement
Engaged staff
Regular social events
Family-friendly atmosphere
Fun and dynamic work culture
Working at AMI
0 seconds of 4 minutes, 45 secondsVolume 90%
 
 

 

Benefits
Competitive and comprehensive Group Insurance plan
Vacation/personal days/statutory holidays
Training and Development opportunities
Educational assistance
Milestone service awards

 

Current Opportunities
Careers	
View available job postings and career opportunities
Paid Internships	
Vi",,2026-07-18T14:44:16.509680+00:00,confirmed_career_page_active,Career language and job links detected,https://www.ami.ca/careers,,0,1,https://www.ami.ca/HR-Director-Tech,115:https://www.ami.ca/careers,"[{""url"": ""https://www.ami.ca/careers"", ""result"": ""confirmed_career_page_active"", ""ats"": """", ""score"": 115}]",
48,found.csv,49,Acera Services Ltd (formerly Smith Petrie Carr & Scott),no,https://acera.ca/,https://acera.ca/,https://acera.ca/,acera.ca,FOUND,https://acera.ca/careers/,Careers,140,,strong careers/jobs link text; careers/jobs URL path,1,likely_employer_career_page,Career-related link text or URL path,,validate_page_and_extract_jobs,career_validation,,,,,unreviewed,,2026-07-17,2026-07-17T21:23:20.145062+00:00,https://acera.ca/careers/,https://acera.ca/careers/,200,Careers at Acera Insurance | See Current Opportunities,,0,0,,probable_career_page_needs_review,"Career language detected, but job state is unclear","Skip to content

Acera Insurance and Navacord have united to provide Canadians with greater choice and solutions. Learn more.

×
Personal
Business
Benefits
Find a Branch
Claims
Payments
Careers
Contact
Select your region
Region
AB
BC
MB
NB
NL
NT
NS
NU
ON
PE
QC
SK
YT
AUTO & RECREATIONAL
HOME & PROPERTY
LIFE, HEALTH & TRAVEL
GET A QUOTE

Careers at Acera Insurance

Changing the way people feel about a career in insurance.

Choose a career that empowers you to excel in and take ownership of your work, while having fun. Choose a career with Acera Insurance — we put people first!

See Current Opportunities
(opens in a new tab)
Be a part of our growing team.

As an employer of choice, Acera Insurance offers an outstanding workplace and employee culture that creates valuable opportunities for all of our employees.

Choosing a career with Acera Insurance means you’ll be:

Encouraged to challenge the status quo and never stop learning in your commitment to excellence.
Empowered with a sense of accountability and autonomy to take ownership of your work.
Treated with respect as we put our people first.
Recognized for your achievements and engaged in festivities — big and small — that make work fun.

If this sounds good to you, come join our network of more than 1,300 professionals.

About Acera Insurance

As the largest independent, employee-controlled brokerage in Canada, we provide our employees with a unique opportunity to change the way people feel about insurance. That’s because we",,2026-07-18T14:44:17.031446+00:00,confirmed_career_landing_unresolved,Valid career landing page; downstream job source not resolved,https://acera.ca/careers/,,0,0,,70:https://careers.acera.ca/?_gl=1*8n0co6*_ga*MTQ2MTMwOTA3Ni4xNzA0MjM0NjQw*_ga_TKPVE0V8BR*MTcxMjA5NzQ3MS42OS4wLjE3MTIwOTc0NzEuMC4wLjA | 60:https://acera.ca/careers/#content,"[{""url"": ""https://careers.acera.ca/?_gl=1*8n0co6*_ga*MTQ2MTMwOTA3Ni4xNzA0MjM0NjQw*_ga_TKPVE0V8BR*MTcxMjA5NzQ3MS42OS4wLjE3MTIwOTc0NzEuMC4wLjA"", ""result"": ""confirmed_career_landing_unresolved"", ""ats"": """", ""score"": 70}]",
54,found.csv,55,ACT Alberta,no,https://actalberta.org/,https://www.weareact.org/,https://www.weareact.org/,weareact.org,FOUND,https://www.weareact.org/work-with-us,Work With Us,140,,strong careers/jobs link text; careers/jobs URL path,2,likely_employer_career_page,Career-related link text or URL path,,validate_page_and_extract_jobs,career_validation,,,,,unreviewed,,2026-07-17,2026-07-17T21:23:36.247656+00:00,https://www.weareact.org/work-with-us,https://www.weareact.org/work-with-us,200,Work With Us | Join Us to Make a Difference Today — We are ACT,,0,0,,probable_career_page_needs_review,"Career language detected, but job state is unclear","Need help? Call us at 780-474-1104 or contact the Canadian Human Trafficking Hotline at 1-833-900-1010.  
Quick exit

Skip to Content
Victim Services
Education
It Takes a Village
About
Get Involved
English
Get Help
Donate
Join our team
Help support trauma-informed, life-changing care.

ACT provides direct front-line support to victims and survivors of human trafficking. Learn more about how you can create a life changing impact and work toward an Alberta free of human trafficking.  

Whether you support ACT as a survivor, an advocate, or because you believe in the importance of human rights for all, thank you.

Current Opportunities

ACT (Action Coalition on Human Trafficking)

PO Box 43034 RPO Deer Valley
Calgary, AB T2J 7A7
MAIN: 780.474.1104
EMAIL: info@actalberta.org

ACT is a registered charity and non-profit organization operating under the Alberta Societies Act. 
Charitable Registration #: 830548400 RR0001",,2026-07-18T14:44:26.121280+00:00,confirmed_career_landing_unresolved,Valid career landing page; downstream job source not resolved,https://www.weareact.org/work-with-us,,0,0,,,[],
47,found.csv,48,Accucaps (Canada),no,https://accucaps.com/,https://consumerhealth.catalent.com/nutritional-supplements/dose-forms/rp-scherer-softgel/?utm_medium=Website-SEO&utm_campaign=FY23-CH-Website-Traffic-from-Accucaps-Domain-Oct22-Jun23,https://consumerhealth.catalent.com/nutritional-supplements/dose-forms/rp-scherer-softgel/?utm_medium=Website-SEO&utm_campaign=FY23-CH-Website-Traffic-from-Accucaps-Domain-Oct22-Jun23,consumerhealth.catalent.com,FOUND,https://www.catalent.com/careers/,Careers,140,,strong careers/jobs link text; careers/jobs URL path,1,likely_employer_career_page,Career-related link text or URL path,,validate_page_and_extract_jobs,career_validation,,,,,unreviewed,,2026-07-17,2026-07-17T21:23:25.383665+00:00,https://www.catalent.com/careers/,https://www.catalent.com/careers/,200,Careers | Catalent,,0,0,,probable_career_page_needs_review,"Career language detected, but job state is unclear","Skip to Main Content
Skip to Footer
Skip to Search
About Us 
Expert Content 
Careers
Regional Sites
Pharma Services
Self-Care
Careers at Catalent

Join our team and help us put patients first in everything we do. We are Catalent, the leading contract development and manufacturing organization serving pharmaceutical, biotech and consumer health companies with excellence.

At Catalent, you are part of a growing global organization where our talented teams champion the missions that matter—missions that help people live better and healthier lives. Join us as we work toward improved outcomes for patients around the world.

Explore Job Opportunities

Career Growth

Robust learning & development programs

Culture

Diverse, inclusive, values-led teams

Global Impact

Over 60+ billion treatment doses delivered globally

Innovation

Turning bold ideas into therapies that transform lives
Why Join Us
Who We Are
Our Locations
Our Businesses
Come as You Are
Grow with Us
Investing in You
Giving Back

Catalent is an Equal Opportunity Employer, including disability and veterans.

Remarkable Careers Begin Here

Shape your future with Catalent. Join a global team where you can bring your whole self, grow your career and make an impact—for patients, your community and yourself.

Explore Job Opportunities
This Website Uses Cookies
By using this website you understand and accept that Catalent tracks your website activities to be able to offer you a more tailored response or information to meet yo",,2026-07-18T14:44:29.384519+00:00,confirmed_career_page_active,Career language and job links detected,https://careers.catalent.com/us/en,,0,2,https://careers.catalent.com/us/en/jointalentcommunity?applyType=JTC | https://careers.catalent.com/us/en/job/0093326/Analista-f%C3%ADsico-de-controle-de-qualidade,160:https://careers.catalent.com/us/en | 70:https://careers.catalent.com/us/en/benefits | 70:https://careers.catalent.com/us/en/corporate-responsibility,"[{""url"": ""https://careers.catalent.com/us/en"", ""result"": ""confirmed_career_page_active"", ""ats"": """", ""score"": 160}]",
59,found.csv,60,Actua,no,https://actua.ca/,https://actua.ca/,https://actua.ca/,actua.ca,FOUND,https://actua.ca/careers,Careers,140,,strong careers/jobs link text; careers/jobs URL path,5,likely_employer_career_page,Career-related link text or URL path,,validate_page_and_extract_jobs,career_validation,,,,,unreviewed,,2026-07-17,2026-07-17T21:23:51.989047+00:00,https://actua.ca/careers,https://actua.ca/careers,200,Careers to Help Shape the Future of STEM Learning | Actua,,0,0,,probable_career_page_needs_review,"Career language detected, but job state is unclear","Skip to main content
About
Our Impact
Our Network
Get Involved
Learning Hub
News & Views
Actua Near You
LAND ACKNOWLEDGEMENT CAREERS GIVE NETWORK MEMBER PORTAL
EN

This website uses cookies to ensure you get the best user experience. By continuing to use this website, you consent to our use of cookies.

ACCEPT
Careers
STEM has the power to solve some of the world’s biggest challenges.
So do YOU.

Actua mobilizes a holistic approach to restore equity imbalances within the Canadian innovation ecosystem, ensuring the skills and confidence of youth can be built today – barrier free – in preparation for the workforce of tomorrow.

We’re on a mission to unlock the infinite potential of youth while radically and relentlessly removing barriers to STEM.

See current opportunities
Our Core Values
Equity

We recognize that advantages and barriers exist, and prioritize equity throughout everything we do to restore balance in the innovation ecosystem.

Community

We respect the knowledge and experiences of the communities we serve, and leverage these strengths to achieve collective impact.

Confidence

We are hyper-focused on building the confidence of youth, and those we work with, by connecting them with peers, role models and safe and inclusive STEM programming.

Curiosity

We are passionate about learning and remain forever curious as we seek to continuously innovate, challenge the status quo and exceed expectations.

Opportunities

Open image in lightbox
Open image in lightbox
Open i",,2026-07-18T14:44:39.655641+00:00,confirmed_career_page_active,Career language and job links detected,https://actua.ca/careers,,0,2,https://actua.ca/home/people#BOD | https://actua.ca/application,60:https://actua.ca/career- | 60:https://actua.ca/career-readine | 60:https://actua.ca/career-readiness,"[{""url"": ""https://actua.ca/career-readiness"", ""result"": ""confirmed_career_page_active"", ""ats"": """", ""score"": 60}]",
60,found.csv,61,Acuitas Therapeutics (Canada),no,https://acuitastx.com/,https://acuitastx.com/,https://acuitastx.com/,acuitastx.com,FOUND,https://acuitastx.com/careers/,Careers,140,,strong careers/jobs link text; careers/jobs URL path,1,likely_employer_career_page,Career-related link text or URL path,,validate_page_and_extract_jobs,career_validation,,,,,unreviewed,,2026-07-17,2026-07-17T21:24:00.247170+00:00,https://acuitastx.com/careers/,https://acuitastx.com/careers/,200,Current Job Openings At Acuitas Therapeutics,,0,0,,probable_career_page_needs_review,"Career language detected, but job state is unclear","We value your privacy

We use cookies to enhance your browsing experience, serve personalised ads or content, and analyse our traffic. By clicking ""Accept All"", you consent to our use of cookies. Cookie Policy

Customise
Reject All
Accept All
Powered by
Go to content
Careers
News & Insights
Contact
Search
STRATEGY
Toggle submenu
THE ACUITAS ADVANTAGE
OUR PARTNERSHIPS
OUR CAPABILITIES
SCIENCE
Toggle submenu
OUR LNP TECHNOLOGY
OUR CLINICAL APPLICATIONS
COMPANY
Toggle submenu
ABOUT US
OUR TEAM
OUR COMMUNITY IMPACT
HOME
CAREERS
Acuitas is a GREAT place to work.
TESTIMONIALS

“I’ve worked at more than 10 different companies during my career, and nothing comes close to my experience at Acuitas. The respect I’ve been shown and the empowerment I’ve been given have been second to none. I have the freedom and flexibility to perform my tasks according to my own schedule and preferences. I truly felt like a valued team member from day one.”

– Will, Senior Manager, Finance

“Acuitas offers a unique work environment culture that sets it apart. The atmosphere is both collaborative and innovative, fostering creativity and growth. I have opportunities to work on diverse, exciting projects with an incredibly talented and supportive team that values collaboration and creativity. The company’s commitment to employee development and well-being is truly exceptional. Something that stands out is how relaxed, but efficient the team is. I’m grateful to be part of such a forward-thinking and dynamic",,2026-07-18T14:44:47.831602+00:00,confirmed_career_landing_unresolved,Valid career landing page; downstream job source not resolved,https://acuitastx.com/careers/,,0,0,,,[],
55,found.csv,56,Action Against Hunger France,no,https://actionagainsthunger.org/,https://www.actionagainsthunger.org/,https://www.actionagainsthunger.org/,actionagainsthunger.org,FOUND,https://www.actionagainsthunger.org/careers/,Careers,140,,strong careers/jobs link text; careers/jobs URL path,1,likely_employer_career_page,Career-related link text or URL path,,validate_page_and_extract_jobs,career_validation,,,,,unreviewed,,2026-07-17,2026-07-17T21:23:54.836424+00:00,https://www.actionagainsthunger.org/careers/,https://www.actionagainsthunger.org/careers/,200,Careers | Action Against Hunger Careers at Action Against Hunger,,0,0,,probable_career_page_needs_review,"Career language detected, but job state is unclear","Skip to main content

Venezuela Earthquake

Help Now
HELP NOW
CAREERS
Show Photo Credit
Stuart Tibaweswa
Action Against Hunger, Uganda
Close Photo Credit
You have talent and passion. We have opportunities. Together we can end hunger. For everyone. For good.
CURRENT OPENINGS
JOIN OUR TEAM

Action Against Hunger is a global humanitarian organization that takes decisive action against the causes and effects of hunger. We save the lives of malnourished children. We ensure everyone can access clean water, food, training, and healthcare. We enable entire communities to be free from hunger. Action Against Hunger serves more than 26.5 million people in more than 55 countries. Our team works across the world to ensure everyone can access clean water, food, training, and healthcare. Together, we extensively research global crises, implement innovative and sustainable solutions, provide critical care to malnourished children, and work to create a hunger-free world.

BROWSE JOBS
OUR OFFICES

Action Against Hunger’s U.S. office currently manages operations in eight countries: Ethiopia, Haiti, Kenya, Somalia, South Sudan, Tanzania, Uganda, and Zambia, with approximately 1,800 staff based in New York City, Washington D.C., Nairobi, and country offices.

The world needs a better way to deal with hunger. Together, we’re creating it. For everyone, for good. Join us!

WORKING AT ACTION AGAINST HUNGER
Our Culture & Values

Our core values shape the underlying principles of how we work.

Frequent",,2026-07-18T14:44:49.032446+00:00,confirmed_external_ats_active,dayforce with job records or job links,https://www.actionagainsthunger.org/careers/current-openings/,dayforce,0,4,https://www.actionagainsthunger.org/careers/current-openings/#maincontent | https://apply.workable.com/action-against-hunger | https://12614518.fls.doubleclick.net/activityi;src=12614518;type=lp_visit;cat=default;rcb=1;ord=1794033121;npa=0;auiddc=2064036858.1784385871;uaa=x86;uab=64;uafvl=Google%2520Chrome%3B147.0.7727.138%7CNot.A%252FBrand%3B8.0.0.0%7CChromium%3B147.0.7727.138;uamb=0;uam=;uapv=19.0.0;uaw=0;pscdl=noapi;frm=0;_tu=KAAB;gtm=45je67g0h2v892643835z8894705783za20gzb894705783zd894705783xea;gcd=13l3l3l3l1l1;dma=0;dc_fmt=2;tag_exp=115616986~115938465~115938469~117227716~118897920~118897930~119259605;epver=2;dc_random=1784385883_JVClVcbXNCQ9SfCtfnqam_UuGlAeWH8qVA;_dc_test=1;~oref=https%3A%2F%2Fwww.actionagainsthunger.org%2Fcareers%2Fcurrent-openings%2F | https://apply.workable.com/action-again,150:https://www.actionagainsthunger.org/careers/current-openings/ | 60:https://www.actionagainsthunger.org/careers/#maincontent | 60:https://www.actionagainsthunger.org/careers/career-faq-us/,"[{""url"": ""https://www.actionagainsthunger.org/careers/current-openings/"", ""result"": ""confirmed_external_ats_active"", ""ats"": ""dayforce"", ""score"": 150}]",
61,found.csv,62,Active Ethernet Passive Optical Networks Over λ MultipleXing (Canada),no,https://aeponyx.com/,https://www.aeponyx.com/,https://www.aeponyx.com/,aeponyx.com,FOUND,https://www.aeponyx.com/careers,Careers,140,,strong careers/jobs link text; careers/jobs URL path,1,likely_employer_career_page,Career-related link text or URL path,,validate_page_and_extract_jobs,career_validation,,,,,unreviewed,,2026-07-17,2026-07-17T21:24:04.867444+00:00,https://www.aeponyx.com/careers,https://www.aeponyx.com/careers,200,Careers - Learn why people love to work at AEPONYX,,0,0,,probable_career_page_needs_review,"Career language detected, but job state is unclear","Technology
Applications
R.O.C.S. 2 White Paper
Tunable laser
Tunable optical filtering-switching
Company
About us
Contact
Careers
Privacy
News
EN
Join Us




Do what you love!




Are you looking to join a talented team that's creating an amazing future?










AEPONYX IS YOUR PLACE










We'd love to talk with you, especially if you




Have innovative ideas

Can both teach and learn

Have a passion for technology

Love working with teams

And enjoy having fun!

View available positions on Pasqal's careers page
Join us now to build tomorrow
Spontaneous application
Please contact us if you are interested in integrated photonics.
We are regularly looking for candidates matching the following profiles:
Photonics designer
PIC packaging designer
Electronics designer﻿
Optoelectronics test engineer
Trainee engineer.
Submit your application

We are available 24/7

Name*:
Email*:
Phone:
Message:
Resume
Attach your resume  

By checking, I agree to share my form responses.

Optical | Electronics | Mechanical
Design/Fab | Assembly | Test
Supply Chain | Business
© 2026 

All Rights Reserved | AEPONYX Inc. | Privacy

We use cookies to ensure that we give you the best experience on our website.

To learn more, go to our Privacy Page.

Nous utilisons des cookies pour nous assurer que vous bénéficiez de la meilleure expérience possible sur notre site web.

Pour en savoir plus, consultez notre page sur la protection de la vie privée.

×",,2026-07-18T14:44:58.860851+00:00,confirmed_career_landing_unresolved,Valid career landing page; downstream job source not resolved,https://www.aeponyx.com/careers,,0,0,,70:https://www.pasqal.com/careers/,"[{""url"": ""https://www.pasqal.com/careers/"", ""result"": ""confirmed_career_landing_unresolved"", ""ats"": """", ""score"": 70}]",
65,found.csv,66,ADD Centre,no,https://addcentre.com/,https://www.addcentre.com/,https://www.addcentre.com/,addcentre.com,FOUND,https://www.addcentre.com/jobs-add-centre,Jobs,80,,strong careers/jobs link text,1,likely_employer_career_page,Career-related link text or URL path,,validate_page_and_extract_jobs,career_validation,,,,,unreviewed,,2026-07-17,2026-07-17T21:24:09.820099+00:00,https://www.addcentre.com/jobs-add-centre,https://www.addcentre.com/jobs-add-centre,200,Work With Us | Toronto & Mississauga | The ADD Centre,,0,0,,probable_career_page_needs_review,"Career language detected, but job state is unclear","Skip to Main Content
Call Now

Home

Neurofeedback

Our Services

Research

About Us

Contact Us

Jobs

Job

Psychologist Position

Part Time Job

Volunteer Position

Job

Part-Time Neurofeedback
Trainer
Find out more about our in-person brain training services.
The ADD Centre & The Biofeedback Institute of Toronto
Improve your focus, reduce anxiety, and build resilience with our proven brain training approach.

(905) 803-8066

addcentre@gmail.com

Start here:
Brain Training
Brain Mapping
Psychoeducational Assessments
Comprehensive Assessments
HRV Training
Cogmed Working Memory Training
Optimal Performance Training
Remote Training

Privacy Policy

ADD Centre Head Office
in Mississauga:
50 Village Centre Place
Suite 200
L4Z 1V9 
Mississauga, ON

Visit us on Google

ADD Centre Toronto Office:
3419-A Yonge Street, 2nd Floor
M4N 2N1
North York, Toronto, ON. 

© 2026 The ADD Centre & The Biofeedback Institute of Toronto

×
This website uses cookies
We use cookies to personalize content and ads and to analyze our traffic. We also share information about your use of our site with our advertising and analytics partners who may combine it with other information you have provided to them or that they have collected from your use of their services. Privacy Policy
 SHOW DETAILS
ACCEPT ALL
DECLINE ALL
COOKIE DECLARATION
ABOUT COOKIES
Strictly necessary
Performance
Targeting
Functionality
Unclassified
Strictly necessary cookies allow core website functionality such as user login and accoun",,2026-07-18T14:45:03.051722+00:00,confirmed_career_landing_unresolved,Valid career landing page; downstream job source not resolved,https://www.addcentre.com/jobs-add-centre,,0,0,,60:https://www.addcentre.com/jobs | 60:https://www.addcentre.com/jobs-add-centre,"[{""url"": ""https://www.addcentre.com/jobs"", ""result"": ""needs_manual_review"", ""ats"": """", ""score"": 60}]",
70,found.csv,71,Advantage Car and Truck Rentals,no,https://advantagecarrentals.com/,https://www.advantagecarrentals.com/,https://www.advantagecarrentals.com/,advantagecarrentals.com,FOUND,https://www.advantagecarrentals.com/car-rental/business-backup/careers/,Careers,140,,strong careers/jobs link text; careers/jobs URL path,1,likely_employer_career_page,Career-related link text or URL path,,validate_page_and_extract_jobs,career_validation,,,,,unreviewed,,2026-07-17,2026-07-17T21:24:22.682203+00:00,https://www.advantagecarrentals.com/car-rental/business-backup/careers/,https://www.advantagecarrentals.com/car-rental/business-backup/careers/,200,Careers – Advantage Car and Truck Rentals – Advantage Car and Truck Rentals,,0,0,,probable_career_page_needs_review,"Career language detected, but job state is unclear","Locations
 
Our Fleet
 
Delivery
 
Business Saver
 
Truck Rental
 
Contact Us
 
Explore
Manage Bookings
Pick-up / Delivery location
Pick up Date
July2026
Sun	Mon	Tue	Wed	Thu	Fri	Sat

28
	
29
	
30
	
1
	
2
	
3
	
4


5
	
6
	
7
	
8
	
9
	
10
	
11


12
	
13
	
14
	
15
	
16
	
17
	
18


19
	
20
	
21
	
22
	
23
	
24
	
25


26
	
27
	
28
	
29
	
30
	
31
	
1


2
	
3
	
4
	
5
	
6
	
7
	
8
Pick up Time
12:00 am
12:15 am
12:30 am
12:45 am
1:00 am
1:15 am
1:30 am
1:45 am
2:00 am
2:15 am
2:30 am
2:45 am
3:00 am
3:15 am
3:30 am
3:45 am
4:00 am
4:15 am
4:30 am
4:45 am
5:00 am
5:15 am
5:30 am
5:45 am
6:00 am
6:15 am
6:30 am
6:45 am
7:00 am
7:15 am
7:30 am
7:45 am
8:00 am
8:15 am
8:30 am
8:45 am
9:00 am
9:15 am
9:30 am
9:45 am
10:00 am
10:15 am
10:30 am
10:45 am
11:00 am
11:15 am
11:30 am
11:45 am
12:00 pm
12:15 pm
12:30 pm
12:45 pm
1:00 pm
1:15 pm
1:30 pm
1:45 pm
2:00 pm
2:15 pm
2:30 pm
2:45 pm
3:00 pm
3:15 pm
3:30 pm
3:45 pm
4:00 pm
4:15 pm
4:30 pm
4:45 pm
5:00 pm
5:15 pm
5:30 pm
5:45 pm
6:00 pm
6:15 pm
6:30 pm
6:45 pm
7:00 pm
7:15 pm
7:30 pm
7:45 pm
8:00 pm
8:15 pm
8:30 pm
8:45 pm
9:00 pm
9:15 pm
9:30 pm
9:45 pm
10:00 pm
10:15 pm
10:30 pm
10:45 pm
11:00 pm
11:15 pm
11:30 pm
11:45 pm
12:00 pm
Drop off Date
July2026
Sun	Mon	Tue	Wed	Thu	Fri	Sat

28
	
29
	
30
	
1
	
2
	
3
	
4


5
	
6
	
7
	
8
	
9
	
10
	
11


12
	
13
	
14
	
15
	
16
	
17
	
18


19
	
20
	
21
	
22
	
23
	
24
	
25


26
	
27
	
28
	
29
	
30
	
31
	
1


2
	
3
	
4
	
5
	
6
	
7
	
8
Drop off Time
12:00 am
12:15 am
12:30 am
12:45 am
1:00 am
1:15 am
1:3",,2026-07-18T14:45:05.488407+00:00,confirmed_career_landing_unresolved,Valid career landing page; downstream job source not resolved,https://www.advantagecarrentals.com/car-rental/business-backup/careers/,,0,0,,60:https://www.advantagecarrentals.com/car-rental/business-backup/careers/#login,[],
77,found.csv,78,Aescia,no,https://aesciahealth.com/,https://www.aesciahealth.com/,https://www.aesciahealth.com/,aesciahealth.com,FOUND,https://www.aesciahealth.com/careers,Careers,140,,strong careers/jobs link text; careers/jobs URL path,1,likely_employer_career_page,Career-related link text or URL path,,validate_page_and_extract_jobs,career_validation,,,,,unreviewed,,2026-07-17,2026-07-17T21:24:43.705142+00:00,https://www.aesciahealth.com/careers,https://www.aesciahealth.com/careers,200,Careers: build clinician-led medical software | Aescia,,0,0,,probable_career_page_needs_review,"Career language detected, but job state is unclear","Skip to content
REGULATORY NOTICE

HOSPITALSAescia for Hospitals is an investigational Software as a Medical Device under the TGA Class IIa pathway. Not yet available for commercial supply.

CLINICSAescia for Clinics is a workflow and patient-preparation tool. It does not propose clinical decisions and is not a medical device.

Aescia
HEALTH
Platform
For Hospitals
For Clinics
Evidence
Updates
Team
Careers
Contact
EN
Request a briefing
CAREERS
Build the software clinicians actually use.

Aescia is a small, clinician-led team building continuous-care software for the weeks that matter: after a hospital discharge, and before a scheduled procedure. We write our own clinical pathways and ship our own code. The product is in clinical evaluation today, not a roadmap.

OPEN ROLES
Senior Frontend / Full-Stack Engineer

Own the front end of a medical platform: the patient and clinician apps, plus a research dashboard. Vue 3 first, with React for analytics. Remote, working closely with our CTO.

ENGINEERING
REMOTE, QUÉBEC PREFERRED
SENIOR, CONTRACT OR PERMANENT
View role
NO ROLE THAT FITS?
Tell us what you would build.

We are clinician-led and engineering-light by design. If you are exceptional at something we will obviously need, write to us with what you have built. We read everything.

Write to the team
Aescia
HEALTH

A continuous-care platform for the weeks that matter.

PRODUCT

Platform
For Hospitals
For Clinics
Integrations
Evidence

BUY

Design-partner program
ROI calculator
Se",,2026-07-18T14:45:13.678295+00:00,confirmed_career_page_active,Career language and job links detected,https://www.aesciahealth.com/careers,,0,1,https://www.aesciahealth.com/careers/senior-frontend-engineer,60:https://www.aesciahealth.com/careers#main | 60:https://www.aesciahealth.com/careers/senior-frontend-engineer,"[{""url"": ""https://www.aesciahealth.com/careers/senior-frontend-engineer"", ""result"": ""confirmed_career_page_active"", ""ats"": """", ""score"": 60}]",
79,found.csv,80,Agricultural Research Institute of Ontario,no,https://omafra.gov.on.ca/,https://www.ontario.ca/page/ministry-agriculture-food-and-agribusiness?redirect_id=page%2Fministry-agriculture-food-and-rural-affairs&redirect_year=2024,https://www.ontario.ca/page/ministry-agriculture-food-and-agribusiness?redirect_id=page%2Fministry-agriculture-food-and-rural-affairs&redirect_year=2024,ontario.ca,FOUND,https://www.ontario.ca/page/jobs-and-employment,Jobs and employment,80,,strong careers/jobs link text,2,likely_employer_career_page,Career-related link text or URL path,,validate_page_and_extract_jobs,career_validation,,,,,unreviewed,,2026-07-17,2026-07-17T21:24:50.867547+00:00,https://www.ontario.ca/page/jobs-and-employment,https://www.ontario.ca/page/jobs-and-employment,200,Jobs and employment | ontario.ca,,0,0,,probable_career_page_needs_review,"Career language detected, but job state is unclear","Skip to main content
Government of Ontario home page
Search
Français
Topics
Sign in
Home
     
Jobs and employment

We’ve got the resources and supports to help connect job seekers with employers.

Find a job Post a job

Find a job

We can help you build your skills, find a job and plan your career. Find full-time or part-time job opportunities anywhere in Ontario — or across Canada.

Search for job postings in Ontario

Find jobs at essential and non-essential workplaces.

Example: nurse in Guelph
Selecting search will take you to the Ontario Job Bank

Search 

Resources for job seekers
My Career Journey
Career planning and exploration
Ontario’s labour market
Explore job profiles
Search for in-demand careers
School to work transition tool
Job transition tool
Agriculture and food jobs in Ontario
Training and qualifications
Get training and advice
Start an apprenticeship
If you are licensed or certified in another Canadian province or territory
If you’ve been trained in another country
Agriculture and food jobs in Ontario
Post a job

Find the people and talent you need to help your business thrive.

Use the job bank to advertise jobs for free

Registration is easy. Follow these steps:

create an account
register using your payroll account number
create and submit job postings

Register now Sign-in

Resources for employers
Get hiring advice
Hire an apprentice
Recruiting immigrants
Apprenticeship

An apprenticeship is formal training for those who want a career in the skilled tra",,2026-07-18T14:45:16.255637+00:00,confirmed_career_page_active,Career language and job links detected,https://www.ontario.ca/page/careers-ontario-public-service,,0,1,https://www.gojobs.gov.on.ca/Jobs.aspx,115:https://www.ontario.ca/page/careers-ontario-public-service | 70:https://www.canada.ca/en/employment- | 70:https://www.canada.ca/en/employment-social-development/programs/ei.html,"[{""url"": ""https://www.ontario.ca/page/careers-ontario-public-service"", ""result"": ""confirmed_career_page_active"", ""ats"": """", ""score"": 115}]",
