record_id,source_file,source_row,organization_name_original,unresolved_q_identifier,input_website,final_website,canonical_website,normalized_domain,original_status,career_url,link_text,score,ats_provider_detected,evidence,candidate_count,initial_classification,classification_reason,retry_category,recommended_next_action,processing_queue,error,organization_name_resolved,ottawa_relationship,ottawa_evidence,validation_status,validation_notes,last_processed
2,found.csv,3,"2025 IEEE International Conference on Communications, Montréal, Canada, 8-12 June 2025",no,https://icc2025.ieee-icc.org/,https://icc2025.ieee-icc.org/,https://icc2025.ieee-icc.org/,icc2025.ieee-icc.org,FOUND,https://icc2025.ieee-icc.org/program/career-fair,Career Fair,80,,strong careers/jobs link text,2,likely_false_positive,"Event, award, education, or career-resource terminology",,review_then_reject_or_reclassify,false_positive_review,,,,,unreviewed,,2026-07-17
5,found.csv,6,30th International Conference on Very Large Data Bases,no,https://vldb.org/,https://vldb.org/,https://vldb.org/,vldb.org,FOUND,https://vldb.org/awards_early_career.html,Early Career Award,80,,strong careers/jobs link text,1,likely_false_positive,"Event, award, education, or career-resource terminology",,review_then_reject_or_reclassify,false_positive_review,,,,,unreviewed,,2026-07-17
6,found.csv,7,31st International Conference on Software Engineering,no,https://cs.uoregon.edu/,https://scds.uoregon.edu/cs,https://scds.uoregon.edu/cs,scds.uoregon.edu,FOUND,https://scds.uoregon.edu/cs/graduate-programs/career,Careers for Graduates Career and Professional Development,140,,strong careers/jobs link text; careers/jobs URL path,3,likely_false_positive,"Event, award, education, or career-resource terminology",,review_then_reject_or_reclassify,false_positive_review,,,,,unreviewed,,2026-07-17
11,found.csv,12,4th International Conference on Biomedical Ontology,no,https://www2.unb.ca/,https://www.unb.ca/,https://www.unb.ca/,unb.ca,FOUND,https://www.unb.ca/careerconnections,Career Connections,80,,strong careers/jobs link text,3,likely_false_positive,"Event, award, education, or career-resource terminology",,review_then_reject_or_reclassify,false_positive_review,,,,,unreviewed,,2026-07-17
261,found.csv,262,Artist-Run Centres and Collectives Conference,no,https://arca.art/,https://www.arca.art/en/,https://www.arca.art/en/,arca.art,FOUND,https://www.arca.art/en/press-releases/job-posting-arca-communications-coordinator/,Job Posting: ARCA Communications Coordinator Job Posting: ARCA Communications Coordinator,80,,strong careers/jobs link text,1,likely_false_positive,"Event, award, education, or career-resource terminology",,review_then_reject_or_reclassify,false_positive_review,,,,,unreviewed,,2026-07-17
362,found.csv,363,Baptist General Conference of Canada,no,https://bgc.ca/,https://www.bgc.ca/,https://www.bgc.ca/,bgc.ca,FOUND,https://www.bgc.ca/ministry-opportunities,Job Opportunities,80,,strong careers/jobs link text,2,likely_false_positive,"Event, award, education, or career-resource terminology",,review_then_reject_or_reclassify,false_positive_review,,,,,unreviewed,,2026-07-17
505,found.csv,506,Borden Ladner Gervais LLP,no,https://blg.com/,https://www.blg.com/en,https://www.blg.com/en,blg.com,FOUND,https://www.blg.com/en/careers/business-professionals/career-development,Career Development,140,,strong careers/jobs link text; careers/jobs URL path,10,likely_false_positive,"Event, award, education, or career-resource terminology",,review_then_reject_or_reclassify,false_positive_review,,,,,unreviewed,,2026-07-17
639,found.csv,640,Canadian Academy of Recording Arts and Sciences,no,https://carasonline.ca/,https://junoawards.ca/,https://junoawards.ca/,junoawards.ca,FOUND,https://junoawards.ca/about-us/careers/,Careers,140,,strong careers/jobs link text; careers/jobs URL path,2,likely_false_positive,"Event, award, education, or career-resource terminology",,review_then_reject_or_reclassify,false_positive_review,,,,,unreviewed,,2026-07-17
641,found.csv,642,Canadian Airports Council,no,https://canadasairports.ca/,https://canadasairports.ca/,https://canadasairports.ca/,canadasairports.ca,FOUND,https://canadasairports.ca/about-canadas-airports/careers/,Career Center,140,,strong careers/jobs link text; careers/jobs URL path,2,likely_false_positive,"Event, award, education, or career-resource terminology",,review_then_reject_or_reclassify,false_positive_review,,,,,unreviewed,,2026-07-17
643,found.csv,644,Canadian Anesthesiologists' Society,no,https://cas.ca/,https://www.cas.ca/en/home,https://www.cas.ca/en/home,cas.ca,FOUND,https://www.cas.ca/en/practice-resources/career-centre,Career Centre,80,,strong careers/jobs link text,4,likely_false_positive,"Event, award, education, or career-resource terminology",,review_then_reject_or_reclassify,false_positive_review,,,,,unreviewed,,2026-07-17
682,found.csv,683,Canadian Child Health Clinician Scientist Program,no,https://cchcsp.ca/,https://cchcsp.ca/,https://cchcsp.ca/,cchcsp.ca,FOUND,https://cchcsp.ca/index.php/training-path-details/?intPath=3,Career Development Award,80,,strong careers/jobs link text,2,likely_false_positive,"Event, award, education, or career-resource terminology",,review_then_reject_or_reclassify,false_positive_review,,,,,unreviewed,,2026-07-17
687,found.csv,688,Canadian Bar Association,no,https://cba.org/,https://cba.org/home/,https://cba.org/home/,cba.org,FOUND,https://cba.org/career/job-board/,CBA Career Centre,140,,strong careers/jobs link text; careers/jobs URL path,4,likely_false_positive,"Event, award, education, or career-resource terminology",,review_then_reject_or_reclassify,false_positive_review,,,,,unreviewed,,2026-07-17
692,found.csv,693,Canadian Council on International Law,no,https://ccil-ccdi.ca/,https://www.ccil-ccdi.ca/,https://www.ccil-ccdi.ca/,ccil-ccdi.ca,FOUND,https://www.ccil-ccdi.ca/career-awards,Career Awards,80,,strong careers/jobs link text,1,likely_false_positive,"Event, award, education, or career-resource terminology",,review_then_reject_or_reclassify,false_positive_review,,,,,unreviewed,,2026-07-17
696,found.csv,697,Canadian Dental Hygienists Association,no,https://cdha.ca/,https://www.cdha.ca/,https://www.cdha.ca/,cdha.ca,FOUND,https://www.cdha.ca/cdha/Career_folder/CDHA/Career/Career_Centre.aspx?,Career CentreCareer Information,140,,strong careers/jobs link text; careers/jobs URL path,10,likely_false_positive,"Event, award, education, or career-resource terminology",,review_then_reject_or_reclassify,false_positive_review,,,,,unreviewed,,2026-07-17
707,found.csv,708,Canadian Geophysical Union,no,https://cgu-ugc.ca/,https://cgu-ugc.ca/,https://cgu-ugc.ca/,cgu-ugc.ca,FOUND,https://cgu-ugc.ca/awards/cgu-early-career-scientist-award/,Early Career Scientist Award,80,,strong careers/jobs link text,5,likely_false_positive,"Event, award, education, or career-resource terminology",,review_then_reject_or_reclassify,false_positive_review,,,,,unreviewed,,2026-07-17
710,found.csv,711,Canadian Frailty Network,no,https://cfn-nce.ca/,https://www.cfn-nce.ca/,https://www.cfn-nce.ca/,cfn-nce.ca,FOUND,https://www.cfn-nce.ca/news/canadian-frailty-network-announces-recipients-of-early-career-researcher-awards/,Canadian Frailty Network announces recipients of Early Career Researcher Awards,80,,strong careers/jobs link text,4,likely_false_positive,"Event, award, education, or career-resource terminology",,review_then_reject_or_reclassify,false_positive_review,,,,,unreviewed,,2026-07-17
723,found.csv,724,Canadian Hydrogen Association,no,https://canadah2.ca/,https://canadah2.ca/,https://canadah2.ca/,canadah2.ca,FOUND,https://canadah2.ca/careers/?_career_type=cha-opportunities,Career Centre,140,,strong careers/jobs link text; careers/jobs URL path,2,likely_false_positive,"Event, award, education, or career-resource terminology",,review_then_reject_or_reclassify,false_positive_review,,,,,unreviewed,,2026-07-17
754,found.csv,755,Canadian Helicopters,no,https://canadianhelicopters.ca/,https://www.searchhounds.com/articles/your-guide-to-canadian-rail-travel-in-2026.html?psystem=PW&domain=canadianhelicopters.ca&oref=https%3A%2F%2Fcanadianhelicopters.ca%2F&trafficTarget=gd,https://www.searchhounds.com/articles/your-guide-to-canadian-rail-travel-in-2026.html?psystem=PW&domain=canadianhelicopters.ca&oref=https%3A%2F%2Fcanadianhelicopters.ca%2F&trafficTarget=gd,searchhounds.com,FOUND,https://www.searchhounds.com/topics/employment.html,Employment & Career Development,80,,strong careers/jobs link text,1,likely_false_positive,"Event, award, education, or career-resource terminology",,review_then_reject_or_reclassify,false_positive_review,,,,,unreviewed,,2026-07-17
766,found.csv,767,Canadian Physiotherapy Association,no,https://physiotherapy.ca/,https://physiotherapy.ca/,https://physiotherapy.ca/,physiotherapy.ca,FOUND,https://members.physiotherapy.ca/jobs/,Career Centre,140,,strong careers/jobs link text; careers/jobs URL path,3,likely_false_positive,"Event, award, education, or career-resource terminology",,review_then_reject_or_reclassify,false_positive_review,,,,,unreviewed,,2026-07-17
767,found.csv,768,Canadian Peace Congress,no,https://canadianpeacecongress.ca/,https://www.canadianpeacecongress.ca/,https://www.canadianpeacecongress.ca/,canadianpeacecongress.ca,FOUND,https://www.canadianpeacecongress.ca/about/join-us/,Join Us,90,,weak employment-related link text; careers/jobs URL path,2,likely_false_positive,"Event, award, education, or career-resource terminology",,review_then_reject_or_reclassify,false_positive_review,,,,,unreviewed,,2026-07-17
778,found.csv,779,Canadian Pain Society,no,https://canadianpainsociety.ca/,https://www.canadianpainsociety.ca/,https://www.canadianpainsociety.ca/,canadianpainsociety.ca,FOUND,https://www.canadianpainsociety.ca/awards,Career Awards,80,,strong careers/jobs link text,3,likely_false_positive,"Event, award, education, or career-resource terminology",,review_then_reject_or_reclassify,false_positive_review,,,,,unreviewed,,2026-07-17
796,found.csv,797,Canadian Spine Society,no,https://spinecanada.ca/,https://spinecanada.ca/,https://spinecanada.ca/,spinecanada.ca,FOUND,https://spinecanada.ca/spine-fellowship-career-opportunities/,Fellowships & Careers,80,,strong careers/jobs link text,1,likely_false_positive,"Event, award, education, or career-resource terminology",,review_then_reject_or_reclassify,false_positive_review,,,,,unreviewed,,2026-07-17
810,found.csv,811,Canadian Urological Association,no,https://cua.org/,https://cua.org/,https://cua.org/,cua.org,FOUND,https://cua.org/job-board,JOB BOARD AND FELLOWSHIP POSITIONS,80,,strong careers/jobs link text,1,likely_false_positive,"Event, award, education, or career-resource terminology",,review_then_reject_or_reclassify,false_positive_review,,,,,unreviewed,,2026-07-17
840,found.csv,841,Cape Breton University,no,https://cbu.ca/,https://www.cbu.ca/,https://www.cbu.ca/,cbu.ca,FOUND,https://www.cbu.ca/current-students/career-services/,Career Services,80,,strong careers/jobs link text,2,likely_false_positive,"Event, award, education, or career-resource terminology",,review_then_reject_or_reclassify,false_positive_review,,,,,unreviewed,,2026-07-17
964,found.csv,965,CHI 2018,no,https://chi2018.acm.org/,https://chi2018.acm.org/,https://chi2018.acm.org/,chi2018.acm.org,FOUND,https://chi2018.acm.org/authors/career-development-symposium/,Early Career Development Symposium,80,,strong careers/jobs link text,1,likely_false_positive,"Event, award, education, or career-resource terminology",,review_then_reject_or_reclassify,false_positive_review,,,,,unreviewed,,2026-07-17
1058,found.csv,1059,College of New Caledonia,no,https://cnc.bc.ca/,https://cnc.bc.ca/,https://cnc.bc.ca/,cnc.bc.ca,FOUND,https://cnc.bc.ca/current-students/careers,Career Centre,140,,strong careers/jobs link text; careers/jobs URL path,10,likely_false_positive,"Event, award, education, or career-resource terminology",,review_then_reject_or_reclassify,false_positive_review,,,,,unreviewed,,2026-07-17
1093,found.csv,1094,Conference of Defence Associations Institute,no,https://cdainstitute.ca/,https://cdainstitute.ca/,https://cdainstitute.ca/,cdainstitute.ca,FOUND,https://cdainstitute.ca/career/,Careers,140,,strong careers/jobs link text; careers/jobs URL path,2,likely_false_positive,"Event, award, education, or career-resource terminology",,review_then_reject_or_reclassify,false_positive_review,,,,,unreviewed,,2026-07-17
1308,found.csv,1309,Dunlap Institute for Astronomy and Astrophysics,no,https://dunlap.utoronto.ca/,https://www.dunlap.utoronto.ca/,https://www.dunlap.utoronto.ca/,dunlap.utoronto.ca,FOUND,https://www.dunlap.utoronto.ca/dunlap-fellowship/,Jobs and Fellowships,80,,strong careers/jobs link text,6,likely_false_positive,"Event, award, education, or career-resource terminology",,review_then_reject_or_reclassify,false_positive_review,,,,,unreviewed,,2026-07-17
1480,found.csv,1481,Evangelical Mennonite Conference,no,https://emconference.ca/,https://www.emconference.ca/,https://www.emconference.ca/,emconference.ca,FOUND,https://www.emconference.ca/jobs,Jobs,140,,strong careers/jobs link text; careers/jobs URL path,2,likely_false_positive,"Event, award, education, or career-resource terminology",,review_then_reject_or_reclassify,false_positive_review,,,,,unreviewed,,2026-07-17
1481,found.csv,1482,Evertz Microsystems,no,https://evertz.com/,https://evertz.com/,https://evertz.com/,evertz.com,FOUND,https://evertz.com/contact/careers/,Careers Join our award-winning team!,140,,strong careers/jobs link text; careers/jobs URL path,2,likely_false_positive,"Event, award, education, or career-resource terminology",,review_then_reject_or_reclassify,false_positive_review,,,,,unreviewed,,2026-07-17
1491,found.csv,1492,Ernest C. Manning Awards Foundation,no,https://manningawards.ca/,https://www.manningawards.ca/,https://www.manningawards.ca/,manningawards.ca,FOUND,https://www.manningawards.ca/careers/,Careers,140,,strong careers/jobs link text; careers/jobs URL path,1,likely_false_positive,"Event, award, education, or career-resource terminology",,review_then_reject_or_reclassify,false_positive_review,,,,,unreviewed,,2026-07-17
1497,found.csv,1498,Exponent Investment Management,no,https://ex-ponent.com/,https://ex-ponent.com/,https://ex-ponent.com/,ex-ponent.com,FOUND,https://ex-ponent.com/careers/,Careers,140,,strong careers/jobs link text; careers/jobs URL path,1,likely_false_positive,"Event, award, education, or career-resource terminology",,review_then_reject_or_reclassify,false_positive_review,,,,,unreviewed,,2026-07-17
1498,found.csv,1499,ExpoCité,no,https://expocite.com/,https://www.expocite.com/,https://www.expocite.com/,expocite.com,FOUND,https://www.expocite.com/fr/a-propos/emplois/,Emplois,140,,strong careers/jobs link text; careers/jobs URL path,1,likely_false_positive,"Event, award, education, or career-resource terminology",,review_then_reject_or_reclassify,false_positive_review,,,,,unreviewed,,2026-07-17
1541,found.csv,1542,Festival Montréal En Lumières / Montreal High Lights Festival,no,https://montrealenlumiere.com/,https://montrealenlumiere.com/,https://montrealenlumiere.com/,montrealenlumiere.com,FOUND,https://www.linkedin.com/company/l'equipe-spectra/jobs/,Careers,140,,strong careers/jobs link text; careers/jobs URL path,1,likely_false_positive,"Event, award, education, or career-resource terminology",,review_then_reject_or_reclassify,false_positive_review,,,,,unreviewed,,2026-07-17
1548,found.csv,1549,Fellowship of Evangelical Baptist Churches in Canada,no,https://fellowship.ca/,https://www.fellowship.ca/,https://www.fellowship.ca/,fellowship.ca,FOUND,https://www.fellowship.ca/PostedMinistryPositions,CAREERS,80,,strong careers/jobs link text,2,likely_false_positive,"Event, award, education, or career-resource terminology",,review_then_reject_or_reclassify,false_positive_review,,,,,unreviewed,,2026-07-17
1551,found.csv,1552,Festival des Arts de Saint-Sauveur,no,https://festivaldesarts.ca/,https://festivaldesarts.ca/,https://festivaldesarts.ca/,festivaldesarts.ca,FOUND,https://festivaldesarts.ca/emploi/,Se joindre à notre équipe,90,,weak employment-related link text; careers/jobs URL path,1,likely_false_positive,"Event, award, education, or career-resource terminology",,review_then_reject_or_reclassify,false_positive_review,,,,,unreviewed,,2026-07-17
1561,found.csv,1562,First Nations Summit,no,https://fns.bc.ca/,https://fns.bc.ca/,https://fns.bc.ca/,fns.bc.ca,FOUND,https://fns.bc.ca/careers,Careers,140,,strong careers/jobs link text; careers/jobs URL path,2,likely_false_positive,"Event, award, education, or career-resource terminology",,review_then_reject_or_reclassify,false_positive_review,,,,,unreviewed,,2026-07-17
1609,found.csv,1610,Forty-Second International Conference on Machine Learning,no,https://icml.cc/,https://icml.cc/,https://icml.cc/,icml.cc,FOUND,https://icml.cc/careers,Careers,140,,strong careers/jobs link text; careers/jobs URL path,2,likely_false_positive,"Event, award, education, or career-resource terminology",,review_then_reject_or_reclassify,false_positive_review,,,,,unreviewed,,2026-07-17
1934,found.csv,1935,Hospital for Sick Children,no,https://sickkids.ca/,https://www.sickkids.ca/,https://www.sickkids.ca/,sickkids.ca,FOUND,https://www.sickkids.ca/en/research/research-training-centre/skills-career-development/,Skills & Career Development,80,,strong careers/jobs link text,4,likely_false_positive,"Event, award, education, or career-resource terminology",,review_then_reject_or_reclassify,false_positive_review,,,,,unreviewed,,2026-07-17
1970,found.csv,1971,imagineNATIVE Film + Media Arts Festival,no,https://imaginenative.org/,https://imaginenative.org/,https://imaginenative.org/,imaginenative.org,FOUND,https://imaginenative.org/about/employment/,Employment,60,,careers/jobs URL path,3,likely_false_positive,"Event, award, education, or career-resource terminology",,review_then_reject_or_reclassify,false_positive_review,,,,,unreviewed,,2026-07-17
2037,found.csv,2038,"Institute of Communication, Culture, Information and Technology",no,https://utm.utoronto.ca/,https://www.utm.utoronto.ca/,https://www.utm.utoronto.ca/,utm.utoronto.ca,FOUND,http://www.utm.utoronto.ca/careers,Career Centre,140,,strong careers/jobs link text; careers/jobs URL path,5,likely_false_positive,"Event, award, education, or career-resource terminology",,review_then_reject_or_reclassify,false_positive_review,,,,,unreviewed,,2026-07-17
2047,found.csv,2048,Inter-Varsity Christian Fellowship of Canada,no,https://ivcf.ca/,https://ivcf.ca/,https://ivcf.ca/,ivcf.ca,FOUND,https://ivcf.ca/jobs/,Jobs,140,,strong careers/jobs link text; careers/jobs URL path,4,likely_false_positive,"Event, award, education, or career-resource terminology",,review_then_reject_or_reclassify,false_positive_review,,,,,unreviewed,,2026-07-17
2054,found.csv,2055,International Brotherhood of Teamsters,no,https://teamster.org/,https://teamster.org/,https://teamster.org/,teamster.org,FOUND,https://teamster.org/careercenter/,Career Center,80,,strong careers/jobs link text,2,likely_false_positive,"Event, award, education, or career-resource terminology",,review_then_reject_or_reclassify,false_positive_review,,,,,unreviewed,,2026-07-17
2077,found.csv,2078,Introhive,no,https://introhive.com/,https://www.introhive.com/,https://www.introhive.com/,introhive.com,FOUND,https://www.introhive.com/careers/,"Careers Join our award-winning culture <img loading=""lazy"" width=""43"" height=""37"" src=""https://www.introhive.com/wp-content/uploads/2025/05/icon_careers_hover.svg"" class=""attachment-large size-large wp-image-46686"" alt="""" />",140,,strong careers/jobs link text; careers/jobs URL path,1,likely_false_positive,"Event, award, education, or career-resource terminology",,review_then_reject_or_reclassify,false_positive_review,,,,,unreviewed,,2026-07-17
2216,found.csv,2217,Korean Cultural Centre,no,https://canada.korean-culture.org/,https://canada.korean-culture.org/en,https://canada.korean-culture.org/en,canada.korean-culture.org,FOUND,https://canada.korean-culture.org/en/819/board/597/read/143252,"K-Cinema 9th Korean Cinema Celebration in Canada: Laugh, Thrill, Imagine The Korean Cultural Centre Canada is thrilled to present the 9th Korean Cinema Celebration in Canada, taking place in Toronto and Ottawa from April 17 to 27, 2026. This year, the festival introduces an exciting new chapter with the expansion and rebranding of the Ottawa Korean Film Festival (OKFF), now bringing Korean cinema to audiences across Canada! Guided by the theme “Laugh, Thrill, Imagine”, the festival features five Korean films: <THE KING OF KINGS>, <LOVE RESET>, <EXTREME JOB>, <OMNISCIENT READER: THE PROPHECY>, and <HI-FIVE>. It will be held in a hybrid format, with both online and in-person screenings, and the lineup showcases Korea’s unique humour, imaginative storytelling, and cultural charm. Detailed screening information and ticket reservations for the festival are available at kccincanada.com. 📍 Locations: Toronto, Ottawa, and Online (MovieBloc) 🎟️ Tickets: Free admission, register at kccincanada.com 9th Korean Cinema Celebration in Canada: Laugh, Thrill, Imagine",80,,strong careers/jobs link text,3,likely_false_positive,"Event, award, education, or career-resource terminology",,review_then_reject_or_reclassify,false_positive_review,,,,,unreviewed,,2026-07-17
2260,found.csv,2261,Lambton College,no,https://lambtoncollege.ca/,https://www.lambtoncollege.ca/,https://www.lambtoncollege.ca/,lambtoncollege.ca,FOUND,https://www.lambtoncollege.ca/training-career-advancement/career-development,Career Development,80,,strong careers/jobs link text,4,likely_false_positive,"Event, award, education, or career-resource terminology",,review_then_reject_or_reclassify,false_positive_review,,,,,unreviewed,,2026-07-17
2350,found.csv,2351,Liu Institute for Global Issues,no,https://liu.arts.ubc.ca/,https://sppga.ubc.ca/,https://sppga.ubc.ca/,sppga.ubc.ca,FOUND,https://sppga.ubc.ca/master-public-policy-global-affairs/career-development/,Career Development,80,,strong careers/jobs link text,3,likely_false_positive,"Event, award, education, or career-resource terminology",,review_then_reject_or_reclassify,false_positive_review,,,,,unreviewed,,2026-07-17
2434,found.csv,2435,Manitoba Medical Service Foundation,no,https://mmsf.ca/,https://mmsf.ca/,https://mmsf.ca/,mmsf.ca,FOUND,https://mmsf.ca/career-development-supervisor-research-awards,Career Development & Supervisor Research Awards,80,,strong careers/jobs link text,2,likely_false_positive,"Event, award, education, or career-resource terminology",,review_then_reject_or_reclassify,false_positive_review,,,,,unreviewed,,2026-07-17
2521,found.csv,2522,Medix School,no,https://medixcollege.ca/,https://medixcollege.ca/,https://medixcollege.ca/,medixcollege.ca,FOUND,https://medixcollege.ca/careerservices/,Student Career Services,80,,strong careers/jobs link text,6,likely_false_positive,"Event, award, education, or career-resource terminology",,review_then_reject_or_reclassify,false_positive_review,,,,,unreviewed,,2026-07-17
2733,found.csv,2734,New Brunswick Arts Board,no,https://artsnb.ca/,https://artsnb.ca/web/,https://artsnb.ca/web/,artsnb.ca,FOUND,https://artsnb.ca/web/programs/career-development/,November 01: Career Development,80,,strong careers/jobs link text,2,likely_false_positive,"Event, award, education, or career-resource terminology",,review_then_reject_or_reclassify,false_positive_review,,,,,unreviewed,,2026-07-17
2864,found.csv,2865,One Eleven Student Housing,no,https://1eleven.ca/,https://www.canadianstudentliving.com/regions/ottawa/1-eleven,https://www.canadianstudentliving.com/regions/ottawa/1-eleven,canadianstudentliving.com,FOUND,https://www.canadianstudentliving.com/student-life/careers,Student Careers,140,,strong careers/jobs link text; careers/jobs URL path,1,likely_false_positive,"Event, award, education, or career-resource terminology",,review_then_reject_or_reclassify,false_positive_review,,,,,unreviewed,,2026-07-17
2926,found.csv,2927,Osgoode Hall Law School Centre for Research on Public Law and Public Policy,no,https://osgoode.yorku.ca/,https://www.osgoode.yorku.ca/,https://www.osgoode.yorku.ca/,osgoode.yorku.ca,FOUND,https://www.osgoode.yorku.ca/programs/juris-doctor/career-development/,Career Development,80,,strong careers/jobs link text,3,likely_false_positive,"Event, award, education, or career-resource terminology",,review_then_reject_or_reclassify,false_positive_review,,,,,unreviewed,,2026-07-17
2942,found.csv,2943,Ottawa Festival Network,no,https://ottawafestivals.ca/,https://www.ottawafestivals.ca/,https://www.ottawafestivals.ca/,ottawafestivals.ca,FOUND,https://www.ottawafestivals.ca/jobs,View Job Opportunities,140,,strong careers/jobs link text; careers/jobs URL path,2,likely_false_positive,"Event, award, education, or career-resource terminology",,review_then_reject_or_reclassify,false_positive_review,,,,,unreviewed,,2026-07-17
2943,found.csv,2944,Ottawa Film Office,no,https://ottawa.film/,https://ottawa.film/,https://ottawa.film/,ottawa.film,FOUND,https://ottawa.film/2026careerfair/,"Film, Television, and Animation Career Fair",80,,strong careers/jobs link text,1,likely_false_positive,"Event, award, education, or career-resource terminology",,review_then_reject_or_reclassify,false_positive_review,,,,,unreviewed,,2026-07-17
3115,found.csv,3116,Powell Street Festival Society,no,https://powellstreetfestival.com/,https://powellstreetfestival.com/,https://powellstreetfestival.com/,powellstreetfestival.com,FOUND,https://powellstreetfestival.com/get-involved/jobs/,Work Opportunities,90,,weak employment-related link text; careers/jobs URL path,3,likely_false_positive,"Event, award, education, or career-resource terminology",,review_then_reject_or_reclassify,false_positive_review,,,,,unreviewed,,2026-07-17
3189,found.csv,3190,PuSh International Performing Arts Festival,no,https://pushfestival.ca/,https://pushfestival.ca/,https://pushfestival.ca/,pushfestival.ca,FOUND,https://pushfestival.ca/about-the-festival/employment-opportunities/,Careers,80,,strong careers/jobs link text,2,likely_false_positive,"Event, award, education, or career-resource terminology",,review_then_reject_or_reclassify,false_positive_review,,,,,unreviewed,,2026-07-17
3706,found.csv,3707,Q137365660,yes,https://tmsd.mb.ca/,https://tmsd.mb.ca/,https://tmsd.mb.ca/,tmsd.mb.ca,FOUND,https://tmsd.mb.ca/programs/career-development,Career Development,80,,strong careers/jobs link text,1,likely_false_positive,"Event, award, education, or career-resource terminology",,review_then_reject_or_reclassify,false_positive_review,,,,,unreviewed,,2026-07-17
4091,found.csv,4092,Q137366406,yes,https://camosun.bc.ca/,https://camosun.bc.ca/,https://camosun.bc.ca/,camosun.bc.ca,FOUND,https://camosun.bc.ca/services/co-op-and-careers,Co-op and Career Services,80,,strong careers/jobs link text,3,likely_false_positive,"Event, award, education, or career-resource terminology",,review_then_reject_or_reclassify,false_positive_review,,,,,unreviewed,,2026-07-17
4163,found.csv,4164,Q137366595,yes,https://cfee.org/,https://cfee.org/,https://cfee.org/,cfee.org,FOUND,https://cfee.org/about-us/4-pillars/,career development capability,80,,strong careers/jobs link text,2,likely_false_positive,"Event, award, education, or career-resource terminology",,review_then_reject_or_reclassify,false_positive_review,,,,,unreviewed,,2026-07-17
4291,found.csv,4292,Renal Pathology Society,no,https://renalpathsoc.org/,https://renalpathsoc.org/,https://renalpathsoc.org/,renalpathsoc.org,FOUND,https://renalpathsoc.org/Jobs-Fellowships,Jobs / Fellowships Jobs / Fellowships,80,,strong careers/jobs link text,3,likely_false_positive,"Event, award, education, or career-resource terminology",,review_then_reject_or_reclassify,false_positive_review,,,,,unreviewed,,2026-07-17
4550,found.csv,4551,Sixth International Conference on Learning Representations,no,https://iclr.cc/,https://iclr.cc/,https://iclr.cc/,iclr.cc,FOUND,https://iclr.cc/careers/,ICLR Career site,140,,strong careers/jobs link text; careers/jobs URL path,1,likely_false_positive,"Event, award, education, or career-resource terminology",,review_then_reject_or_reclassify,false_positive_review,,,,,unreviewed,,2026-07-17
4711,found.csv,4712,START Clinic,no,https://startclinic.ca/,https://www.startclinic.ca/,https://www.startclinic.ca/,startclinic.ca,FOUND,https://www.startclinic.ca/,Career Centre,80,,strong careers/jobs link text,1,likely_false_positive,"Event, award, education, or career-resource terminology",,review_then_reject_or_reclassify,false_positive_review,,,,,unreviewed,,2026-07-17
4862,found.csv,4863,The Beckett,no,https://summitmanagement.ca/,https://www.summitmanagement.ca/,https://www.summitmanagement.ca/,summitmanagement.ca,FOUND,https://www.summitmanagement.ca/careers,Careers,140,,strong careers/jobs link text; careers/jobs URL path,1,likely_false_positive,"Event, award, education, or career-resource terminology",,review_then_reject_or_reclassify,false_positive_review,,,,,unreviewed,,2026-07-17
5036,found.csv,5037,Ukrainian Canadian Congress,no,https://ucc.ca/,https://www.ucc.ca/,https://www.ucc.ca/,ucc.ca,FOUND,https://www.ucc.ca/about-ucc/employment/,Employment,60,,careers/jobs URL path,1,likely_false_positive,"Event, award, education, or career-resource terminology",,review_then_reject_or_reclassify,false_positive_review,,,,,unreviewed,,2026-07-17
5079,found.csv,5080,University of Toronto School of Public Policy and Governance,no,https://publicpolicy.utoronto.ca/,https://munkschool.utoronto.ca/mpp,https://munkschool.utoronto.ca/mpp,munkschool.utoronto.ca,FOUND,https://munkschool.utoronto.ca/mpp/career-services,Career Services,80,,strong careers/jobs link text,1,likely_false_positive,"Event, award, education, or career-resource terminology",,review_then_reject_or_reclassify,false_positive_review,,,,,unreviewed,,2026-07-17
5129,found.csv,5130,Village en chanson de Petite-Vallée,no,https://festivalenchanson.com/,https://festivalenchanson.com/,https://festivalenchanson.com/,festivalenchanson.com,FOUND,https://festivalenchanson.com/le-village-en-chanson/emplois/,Emplois Emplois,140,,strong careers/jobs link text; careers/jobs URL path,1,likely_false_positive,"Event, award, education, or career-resource terminology",,review_then_reject_or_reclassify,false_positive_review,,,,,unreviewed,,2026-07-17
5227,found.csv,5228,World Congress of Science and Factual Producers,no,https://wcsfp.com/,https://wcsfp.com/,https://wcsfp.com/,wcsfp.com,FOUND,https://wcsfp.com/opportunities/global-career-accelerator,Global Career Accelerator,80,,strong careers/jobs link text,1,likely_false_positive,"Event, award, education, or career-resource terminology",,review_then_reject_or_reclassify,false_positive_review,,,,,unreviewed,,2026-07-17
5239,found.csv,5240,World Press Freedom Canada,no,https://worldpressfreedomcanada.ca/,https://worldpressfreedomcanada.ca/,https://worldpressfreedomcanada.ca/,worldpressfreedomcanada.ca,FOUND,https://worldpressfreedomcanada.ca/plante-mackinnon-win-press-freedom-career-achievement-awards/,"Plante, MacKinnon win Press Freedom, Career Achievement awards",80,,strong careers/jobs link text,3,likely_false_positive,"Event, award, education, or career-resource terminology",,review_then_reject_or_reclassify,false_positive_review,,,,,unreviewed,,2026-07-17
